{"accuracy": 0.9922480620155039, "precision": 0.9805825242718447, "recall": 1.0}